URL Type,URL
INDEX,https://ukofequestria.co.uk/forums/official-news.5/
INDEX,https://ukofequestria.co.uk/forums/main-roleplay.58/
INDEX,https://ukofequestria.co.uk/forums/the-water-cooler.59/
INDEX,https://ukofequestria.co.uk/forums/audio-video-books.33/
INDEX,https://ukofequestria.co.uk/forums/technology-internets.31/
INDEX,https://ukofequestria.co.uk/forums/miscellaneous-discussion.2/
INDEX,https://ukofequestria.co.uk/forums/the-traders-corner.47/
INDEX,https://ukofequestria.co.uk/forums/in-the-news.90/
INDEX,https://ukofequestria.co.uk/forums/games-development.39/
INDEX,https://ukofequestria.co.uk/forums/fanfics-writing.9/
INDEX,https://ukofequestria.co.uk/forums/pending-characters.55/
INDEX,https://ukofequestria.co.uk/forums/forum-games-and-randomness.35/
INDEX,https://ukofequestria.co.uk/forums/declined-inactive-characters.56/
INDEX,https://ukofequestria.co.uk/forums/crafts-and-cooking.29/
INDEX,https://ukofequestria.co.uk/forums/music-audio-and-pmvs.28/
INDEX,https://ukofequestria.co.uk/forums/accepted-active-characters.57/
INDEX,https://ukofequestria.co.uk/forums/flash-and-video.26/
INDEX,https://ukofequestria.co.uk/forums/my-little-pony-g1-g3-merch.83/
INDEX,https://ukofequestria.co.uk/forums/art-and-drawings.25/
INDEX,https://ukofequestria.co.uk/forums/customs-and-plushies.27/
THREADS,https://ukofequestria.co.uk/threads/who-likes-pop-modern-music.14771/
THREADS,https://ukofequestria.co.uk/threads/xbox-licence-transfer.18044/
THREADS,https://ukofequestria.co.uk/threads/macos-sierra.18032/
THREADS,https://ukofequestria.co.uk/threads/eurovision-song-contest-2019.19499/
THREADS,https://ukofequestria.co.uk/threads/pony-con-badges.18502/
THREADS,https://ukofequestria.co.uk/threads/clear-out-merch-comics-and-blind-bags.18754/
THREADS,https://ukofequestria.co.uk/threads/sir-john-hurt.18258/
PAGE-FLIP,https://ukofequestria.co.uk/threads/general-election-2017.18418/page-4
PAGE-FLIP,https://ukofequestria.co.uk/threads/general-election-2017.18418/page-5
PAGE-FLIP,https://ukofequestria.co.uk/threads/desktop-ponies.10661/page-2
THREADS,https://ukofequestria.co.uk/threads/development-people.16221/
PAGE-FLIP,https://ukofequestria.co.uk/threads/short-100-word-story-competition-suggestions.17375/page-7
PAGE-FLIP,https://ukofequestria.co.uk/threads/last-pony-standing-extreme-version-discussion-thread.7527/page-6
THREADS,https://ukofequestria.co.uk/threads/dave-the-davepony.16686/
THREADS,https://ukofequestria.co.uk/threads/arwing-arwing-role-play-request.16884/
THREADS,https://ukofequestria.co.uk/threads/character-app-privet.17313/
THREADS,https://ukofequestria.co.uk/threads/character-request-shutterbug.17113/
THREADS,https://ukofequestria.co.uk/threads/uk-bronies-react-concept.17334/
THREADS,https://ukofequestria.co.uk/threads/mlp-ponynory-lryas-secret.17566/
THREADS,https://ukofequestria.co.uk/threads/looking-to-buy-g2-and-g3-wish-list.14659/
THREADS,https://ukofequestria.co.uk/threads/fallout-mlp-custom-halo-megabloks-armour.17625/
THREADS,https://ukofequestria.co.uk/threads/pony-amigurumi.16509/
THREADS,https://ukofequestria.co.uk/threads/raripunk-handmade-sculpture.17819/
PAGE-FLIP,https://ukofequestria.co.uk/threads/blindfaiths-customs.12660/page-2
THREADS,https://ukofequestria.co.uk/threads/my-few-chibi-plushies.11097/
THREADS,https://ukofequestria.co.uk/threads/blindfaiths-customs.12660/
PAGE-FLIP,https://ukofequestria.co.uk/threads/everypony-show-off-your-plushies.1871/page-17
PAGE-FLIP,https://ukofequestria.co.uk/threads/general-election-2017.18418/page-2
THREADS,https://ukofequestria.co.uk/threads/making-custom-ponies.17939/
THREADS,https://ukofequestria.co.uk/threads/everypony-show-off-your-plushies.1871/
PAGE-FLIP,https://ukofequestria.co.uk/threads/everypony-show-off-your-plushies.1871/page-15
PAGE-FLIP,https://ukofequestria.co.uk/threads/last-pony-standing-extreme-version-discussion-thread.7527/page-3
PAGE-FLIP,https://ukofequestria.co.uk/threads/last-pony-standing-extreme-version-discussion-thread.7527/page-2
PAGE-FLIP,https://ukofequestria.co.uk/threads/short-100-word-story-competition-suggestions.17375/page-4
PAGE-FLIP,https://ukofequestria.co.uk/threads/short-100-word-story-competition-suggestions.17375/page-3
PAGE-FLIP,https://ukofequestria.co.uk/threads/short-100-word-story-competition-suggestions.17375/page-2
PAGE-FLIP,https://ukofequestria.co.uk/threads/umbras-pony-plushies.10653/page-7
PAGE-FLIP,https://ukofequestria.co.uk/threads/umbras-pony-plushies.10653/page-6
THREADS,https://ukofequestria.co.uk/threads/sew-wishful-crafts.18349/
PAGE-FLIP,https://ukofequestria.co.uk/threads/pkws-customs-plushies-and-other-pony-things.14748/page-5
THREADS,https://ukofequestria.co.uk/threads/starxys-custom-adventures.18033/
PAGE-FLIP,https://ukofequestria.co.uk/threads/pkws-customs-plushies-and-other-pony-things.14748/page-4
PAGE-FLIP,https://ukofequestria.co.uk/threads/everypony-show-off-your-plushies.1871/page-6
PAGE-FLIP,https://ukofequestria.co.uk/threads/everypony-show-off-your-plushies.1871/page-5
PAGE-FLIP,https://ukofequestria.co.uk/threads/everypony-show-off-your-plushies.1871/page-4
PAGE-FLIP,https://ukofequestria.co.uk/threads/pkws-customs-plushies-and-other-pony-things.14748/page-3
THREADS,https://ukofequestria.co.uk/threads/pkws-customs-plushies-and-other-pony-things.14748/
PAGE-FLIP,https://ukofequestria.co.uk/threads/everypony-show-off-your-plushies.1871/page-16
PAGE-FLIP,https://ukofequestria.co.uk/threads/umbras-pony-plushies.10653/page-8
PAGE-FLIP,https://ukofequestria.co.uk/threads/everypony-show-off-your-plushies.1871/page-2
PAGE-FLIP,https://ukofequestria.co.uk/threads/everypony-show-off-your-plushies.1871/page-3
PAGE-FLIP,https://ukofequestria.co.uk/threads/everypony-show-off-your-plushies.1871/page-14
PAGE-FLIP,https://ukofequestria.co.uk/threads/umbras-pony-plushies.10653/page-5
PAGE-FLIP,https://ukofequestria.co.uk/threads/umbras-pony-plushies.10653/page-4
PAGE-FLIP,https://ukofequestria.co.uk/threads/umbras-pony-plushies.10653/page-3
PAGE-FLIP,https://ukofequestria.co.uk/threads/pkws-customs-plushies-and-other-pony-things.14748/page-2
THREADS,https://ukofequestria.co.uk/threads/july-flashfic-competition-closes-july-31st.17883/
THREADS,https://ukofequestria.co.uk/threads/may-flashfic-competition-closes-31st-may.17684/
PAGE-FLIP,https://ukofequestria.co.uk/threads/everypony-show-off-your-plushies.1871/page-8
THREADS,https://ukofequestria.co.uk/threads/june-flashfic-competition-closes-june-30th.17802/
PAGE-FLIP,https://ukofequestria.co.uk/threads/everypony-show-off-your-plushies.1871/page-7
PAGE-FLIP,https://ukofequestria.co.uk/threads/lego-rainbow-dash.16963/page-4
PAGE-FLIP,https://ukofequestria.co.uk/threads/everypony-show-off-your-plushies.1871/page-13
PAGE-FLIP,https://ukofequestria.co.uk/threads/lego-rainbow-dash.16963/page-6
PAGE-FLIP,https://ukofequestria.co.uk/threads/lego-rainbow-dash.16963/page-5
THREADS,https://ukofequestria.co.uk/threads/lego-rainbow-dash.16963/
THREADS,https://ukofequestria.co.uk/threads/hana-konekos-plushie-customs.2928/
PAGE-FLIP,https://ukofequestria.co.uk/threads/everypony-show-off-your-plushies.1871/page-12
THREADS,https://ukofequestria.co.uk/threads/umbras-pony-plushies.10653/
PAGE-FLIP,https://ukofequestria.co.uk/threads/my-handmade-plushies.13695/page-5
PAGE-FLIP,https://ukofequestria.co.uk/threads/my-handmade-plushies.13695/page-3
THREADS,https://ukofequestria.co.uk/threads/my-handmade-plushies.13695/
PAGE-FLIP,https://ukofequestria.co.uk/threads/brucecores-custom-blind-bags.7230/page-5
THREADS,https://ukofequestria.co.uk/threads/april-flashfic-competition-closes-april-30th.17577/
PAGE-FLIP,https://ukofequestria.co.uk/threads/my-handmade-plushies.13695/page-4
THREADS,https://ukofequestria.co.uk/threads/bitter-teas-plushies-accessories.2014/
PAGE-FLIP,https://ukofequestria.co.uk/threads/may-flashfic-competition-closes-31st-may.17684/page-2
THREADS,https://ukofequestria.co.uk/threads/dapple-heart-plush.4753/
PAGE-FLIP,https://ukofequestria.co.uk/threads/brucecores-custom-blind-bags.7230/page-4
PAGE-FLIP,https://ukofequestria.co.uk/threads/umbras-pony-plushies.10653/page-2
THREADS,https://ukofequestria.co.uk/threads/arualstis-plush-ponies.3254/
PAGE-FLIP,https://ukofequestria.co.uk/threads/brucecores-custom-blind-bags.7230/page-3
THREADS,https://ukofequestria.co.uk/threads/brucecores-custom-blind-bags.7230/
THREADS,https://ukofequestria.co.uk/threads/lego-ponies.19581/
PAGE-FLIP,https://ukofequestria.co.uk/threads/lego-rainbow-dash.16963/page-2
PAGE-FLIP,https://ukofequestria.co.uk/threads/hana-konekos-plushie-customs.2928/page-2
INDEX,https://ukofequestria.co.uk/forums/customs-and-plushies.27/?direction=asc
PAGE-FLIP,https://ukofequestria.co.uk/threads/everypony-show-off-your-plushies.1871/page-11
THREADS,https://ukofequestria.co.uk/threads/wtb-my-little-pony-olyfactory-plushies.20080/
PAGE-FLIP,https://ukofequestria.co.uk/threads/lego-rainbow-dash.16963/page-3
PAGE-FLIP,https://ukofequestria.co.uk/threads/everypony-show-off-your-plushies.1871/page-9
PAGE-FLIP,https://ukofequestria.co.uk/threads/everypony-show-off-your-plushies.1871/page-10
INDEX,https://ukofequestria.co.uk/forums/customs-and-plushies.27/?order=view_count
THREADS,https://ukofequestria.co.uk/threads/comics-other-mlp-bits-for-sale.18181/
THREADS,https://ukofequestria.co.uk/threads/for-sale-official-merch-and-customs.12004/
PAGE-FLIP,https://ukofequestria.co.uk/threads/my-handmade-plushies.13695/page-2
PAGE-FLIP,https://ukofequestria.co.uk/threads/brucecores-custom-blind-bags.7230/page-2
INDEX,https://ukofequestria.co.uk/forums/customs-and-plushies.27/?order=post_date
PAGE-FLIP,https://ukofequestria.co.uk/threads/dapple-heart-plush.4753/page-6
INDEX,https://ukofequestria.co.uk/forums/customs-and-plushies.27/?order=reply_count
INDEX,https://ukofequestria.co.uk/forums/customs-and-plushies.27/?order=title
PAGE-FLIP,https://ukofequestria.co.uk/threads/arualstis-plush-ponies.3254/page-4
PAGE-FLIP,https://ukofequestria.co.uk/threads/arualstis-plush-ponies.3254/page-3
PAGE-FLIP,https://ukofequestria.co.uk/threads/arualstis-plush-ponies.3254/page-34
PAGE-FLIP,https://ukofequestria.co.uk/threads/dapple-heart-plush.4753/page-4
PAGE-FLIP,https://ukofequestria.co.uk/threads/arualstis-plush-ponies.3254/page-6
PAGE-FLIP,https://ukofequestria.co.uk/threads/dapple-heart-plush.4753/page-5
PAGE-FLIP,https://ukofequestria.co.uk/threads/arualstis-plush-ponies.3254/page-5
PAGE-FLIP,https://ukofequestria.co.uk/threads/arualstis-plush-ponies.3254/page-2
THREADS,https://ukofequestria.co.uk/threads/fluttercube-d.1192/
PAGE-FLIP,https://ukofequestria.co.uk/threads/ben1138s-custom-blind-bags-and-assorted-pony-stuff.3167/page-7
THREADS,https://ukofequestria.co.uk/threads/my-first-ever-plushie-princess-luna.7849/
PAGE-FLIP,https://ukofequestria.co.uk/threads/shes-finished-large-fluttershy-plush.1112/page-2
PAGE-FLIP,https://ukofequestria.co.uk/threads/ben1138s-custom-blind-bags-and-assorted-pony-stuff.3167/page-6
THREADS,https://ukofequestria.co.uk/threads/derpy-colours.1247/
PAGE-FLIP,https://ukofequestria.co.uk/threads/ben1138s-custom-blind-bags-and-assorted-pony-stuff.3167/page-5
PAGE-FLIP,https://ukofequestria.co.uk/threads/princess-luna-10-inch-action-figure-fully-articulated.15213/page-4
THREADS,https://ukofequestria.co.uk/threads/tools-of-the-trade.3025/
PAGE-FLIP,https://ukofequestria.co.uk/threads/princess-luna-10-inch-action-figure-fully-articulated.15213/page-3
PAGE-FLIP,https://ukofequestria.co.uk/threads/luna-plushie.6204/page-5
PAGE-FLIP,https://ukofequestria.co.uk/threads/luna-plushie.6204/page-4
THREADS,https://ukofequestria.co.uk/threads/vinyl-scratch-dj-pon3.4812/
THREADS,https://ukofequestria.co.uk/threads/princess-luna-10-inch-action-figure-fully-articulated.15213/
PAGE-FLIP,https://ukofequestria.co.uk/threads/princess-luna-10-inch-action-figure-fully-articulated.15213/page-2
PAGE-FLIP,https://ukofequestria.co.uk/threads/arualstis-plush-ponies.3254/page-7
PAGE-FLIP,https://ukofequestria.co.uk/threads/arualstis-plush-ponies.3254/page-8
PAGE-FLIP,https://ukofequestria.co.uk/threads/arualstis-plush-ponies.3254/page-30
PAGE-FLIP,https://ukofequestria.co.uk/threads/arualstis-plush-ponies.3254/page-32
PAGE-FLIP,https://ukofequestria.co.uk/threads/lifesized-fluttershy-finished.1826/page-4
PAGE-FLIP,https://ukofequestria.co.uk/threads/arualstis-plush-ponies.3254/page-31
PAGE-FLIP,https://ukofequestria.co.uk/threads/arualstis-plush-ponies.3254/page-33
PAGE-FLIP,https://ukofequestria.co.uk/threads/arualstis-plush-ponies.3254/page-29
PAGE-FLIP,https://ukofequestria.co.uk/threads/lifesized-fluttershy-finished.1826/page-2
PAGE-FLIP,https://ukofequestria.co.uk/threads/ben1138s-custom-blind-bags-and-assorted-pony-stuff.3167/page-3
PAGE-FLIP,https://ukofequestria.co.uk/threads/my-first-ever-plushie-princess-luna.7849/page-3
PAGE-FLIP,https://ukofequestria.co.uk/threads/ben1138s-custom-blind-bags-and-assorted-pony-stuff.3167/page-4
PAGE-FLIP,https://ukofequestria.co.uk/threads/my-first-ever-plushie-princess-luna.7849/page-4
PAGE-FLIP,https://ukofequestria.co.uk/threads/my-first-ever-plushie-princess-luna.7849/page-2
PAGE-FLIP,https://ukofequestria.co.uk/threads/ben1138s-custom-blind-bags-and-assorted-pony-stuff.3167/page-2
PAGE-FLIP,https://ukofequestria.co.uk/threads/lifesized-fluttershy-finished.1826/page-3
PAGE-FLIP,https://ukofequestria.co.uk/threads/hamstehs-stuffs.5361/page-4
THREADS,https://ukofequestria.co.uk/threads/lifesized-fluttershy-finished.1826/
PAGE-FLIP,https://ukofequestria.co.uk/threads/hamstehs-stuffs.5361/page-3
PAGE-FLIP,https://ukofequestria.co.uk/threads/sparklers-creative-corner.11953/page-4
THREADS,https://ukofequestria.co.uk/threads/hamstehs-stuffs.5361/
PAGE-FLIP,https://ukofequestria.co.uk/threads/hamstehs-stuffs.5361/page-2
PAGE-FLIP,https://ukofequestria.co.uk/threads/luna-plushie.6204/page-2
PAGE-FLIP,https://ukofequestria.co.uk/threads/sparklers-creative-corner.11953/page-3
PAGE-FLIP,https://ukofequestria.co.uk/threads/sparklers-creative-corner.11953/page-2
THREADS,https://ukofequestria.co.uk/threads/sparklers-creative-corner.11953/
PAGE-FLIP,https://ukofequestria.co.uk/threads/arualstis-plush-ponies.3254/page-10
PAGE-FLIP,https://ukofequestria.co.uk/threads/arualstis-plush-ponies.3254/page-28
PAGE-FLIP,https://ukofequestria.co.uk/threads/the-cube.3502/page-4
PAGE-FLIP,https://ukofequestria.co.uk/threads/the-cube.3502/page-3
PAGE-FLIP,https://ukofequestria.co.uk/threads/the-cube.3502/page-2
PAGE-FLIP,https://ukofequestria.co.uk/threads/arualstis-plush-ponies.3254/page-9
THREADS,https://ukofequestria.co.uk/threads/ooak-custom-my-little-pony-bubble-gum.15847/
THREADS,https://ukofequestria.co.uk/threads/custom-luna-design.16269/
THREADS,https://ukofequestria.co.uk/threads/the-cube.3502/
THREADS,https://ukofequestria.co.uk/threads/loom-band-ponies.16268/
THREADS,https://ukofequestria.co.uk/threads/strawberry-meadow-makes-things.16357/
THREADS,https://ukofequestria.co.uk/threads/lets-talk-3d-printing.16543/
PAGE-FLIP,https://ukofequestria.co.uk/threads/sunflowmon-sews-some-stuff-sometimes.16746/page-3
PAGE-FLIP,https://ukofequestria.co.uk/threads/arualstis-plush-ponies.3254/page-27
THREADS,https://ukofequestria.co.uk/threads/where-to-get-minky-fabric.8731/
THREADS,https://ukofequestria.co.uk/threads/welovefine-rainbowcap-and-shapeways-customs-arrived.7769/
THREADS,https://ukofequestria.co.uk/threads/wonderbolts-by-ponyrehab.6269/
THREADS,https://ukofequestria.co.uk/threads/wip-bits-and-pieces-for-my-shining-armor-costume-for-buck.3995/
THREADS,https://ukofequestria.co.uk/threads/who-does-your-machine-embroidery.8368/
THREADS,https://ukofequestria.co.uk/threads/will-anyone-be-selling-at-mcm-this-year.9055/
THREADS,https://ukofequestria.co.uk/threads/which-custom-blind-bag.1492/
PAGE-FLIP,https://ukofequestria.co.uk/threads/xprincessemilyxs-pony-plushies-pillows-and-clothing.2589/page-3
THREADS,https://ukofequestria.co.uk/threads/zecora-sculpture.4794/
THREADS,https://ukofequestria.co.uk/threads/you-know-when-you-have-an-awsome-gf.2154/
PAGE-FLIP,https://ukofequestria.co.uk/threads/arualstis-plush-ponies.3254/page-11
THREADS,https://ukofequestria.co.uk/threads/xprincessemilyxs-pony-plushies-pillows-and-clothing.2589/
PAGE-FLIP,https://ukofequestria.co.uk/threads/xprincessemilyxs-pony-plushies-pillows-and-clothing.2589/page-2
PAGE-FLIP,https://ukofequestria.co.uk/threads/arualstis-plush-ponies.3254/page-12
PAGE-FLIP,https://ukofequestria.co.uk/forums/customs-and-plushies.27/page-16?order=title
INDEX,https://ukofequestria.co.uk/forums/customs-and-plushies.27/?order=title&direction=asc
PAGE-FLIP,https://ukofequestria.co.uk/threads/arualstis-plush-ponies.3254/page-25
PAGE-FLIP,https://ukofequestria.co.uk/threads/arualstis-plush-ponies.3254/page-26
PAGE-FLIP,https://ukofequestria.co.uk/forums/customs-and-plushies.27/page-2?order=title
PAGE-FLIP,https://ukofequestria.co.uk/forums/customs-and-plushies.27/page-5?order=title
INDEX,https://ukofequestria.co.uk/forums/customs-and-plushies.27/?order=reply_count&direction=asc
PAGE-FLIP,https://ukofequestria.co.uk/forums/customs-and-plushies.27/page-16?order=reply_count
PAGE-FLIP,https://ukofequestria.co.uk/forums/customs-and-plushies.27/page-6?order=title
PAGE-FLIP,https://ukofequestria.co.uk/forums/customs-and-plushies.27/page-4?order=title
PAGE-FLIP,https://ukofequestria.co.uk/forums/customs-and-plushies.27/page-3?order=title
PAGE-FLIP,https://ukofequestria.co.uk/forums/customs-and-plushies.27/page-5?order=reply_count
PAGE-FLIP,https://ukofequestria.co.uk/threads/arualstis-plush-ponies.3254/page-13
PAGE-FLIP,https://ukofequestria.co.uk/forums/customs-and-plushies.27/page-6?order=reply_count
PAGE-FLIP,https://ukofequestria.co.uk/forums/customs-and-plushies.27/page-3?order=reply_count
PAGE-FLIP,https://ukofequestria.co.uk/forums/customs-and-plushies.27/page-2?order=reply_count
PAGE-FLIP,https://ukofequestria.co.uk/threads/sunflowmon-sews-some-stuff-sometimes.16746/page-2
PAGE-FLIP,https://ukofequestria.co.uk/forums/customs-and-plushies.27/page-4?order=reply_count
PAGE-FLIP,https://ukofequestria.co.uk/threads/arualstis-plush-ponies.3254/page-23
PAGE-FLIP,https://ukofequestria.co.uk/threads/3d-printing-ponies.2330/page-2
PAGE-FLIP,https://ukofequestria.co.uk/threads/arualstis-plush-ponies.3254/page-24
THREADS,https://ukofequestria.co.uk/threads/a-few-new-customs.10847/
THREADS,https://ukofequestria.co.uk/threads/sunflowmon-sews-some-stuff-sometimes.16746/
PAGE-FLIP,https://ukofequestria.co.uk/threads/28-discord-plushie-completed.11785/page-2
THREADS,https://ukofequestria.co.uk/threads/mcm-expo-custom-plush-ponies.10807/
THREADS,https://ukofequestria.co.uk/threads/3d-printing-ponies.2330/
THREADS,https://ukofequestria.co.uk/threads/spykers-led-pony-tshirts.12509/
PAGE-FLIP,https://ukofequestria.co.uk/threads/stablebounds-custom-blind-bags.4777/page-3
PAGE-FLIP,https://ukofequestria.co.uk/threads/stablebounds-custom-blind-bags.4777/page-2
THREADS,https://ukofequestria.co.uk/threads/see-as-tracker-sculpts.5735/
THREADS,https://ukofequestria.co.uk/threads/28-discord-plushie-completed.11785/
THREADS,https://ukofequestria.co.uk/threads/seeking-angel-commision.7537/
THREADS,https://ukofequestria.co.uk/threads/rule-britannia-frozenpyro-sculpts.10028/
THREADS,https://ukofequestria.co.uk/threads/seeking-angel-bunny-plush.7412/
PAGE-FLIP,https://ukofequestria.co.uk/threads/community-tutorial-thread-customs-and-plushies.5103/page-2
THREADS,https://ukofequestria.co.uk/threads/fleece-beanie-hats-warning-image-heavy.3219/
PAGE-FLIP,https://ukofequestria.co.uk/threads/blind-bag-adventures.9114/page-2
THREADS,https://ukofequestria.co.uk/threads/it-begins-aka-my-first-plushie.4678/
THREADS,https://ukofequestria.co.uk/threads/blind-bag-adventures.9114/
THREADS,https://ukofequestria.co.uk/threads/fashio-style-fleur-de-lis-on-ebay.6357/
PAGE-FLIP,https://ukofequestria.co.uk/threads/fleece-beanie-hats-warning-image-heavy.3219/page-2
THREADS,https://ukofequestria.co.uk/threads/community-tutorial-thread-customs-and-plushies.5103/
PAGE-FLIP,https://ukofequestria.co.uk/threads/fluffyloveys-bb-customs-and-plushies.9362/page-2
THREADS,https://ukofequestria.co.uk/threads/babbages-custom-consoles.7202/
PAGE-FLIP,https://ukofequestria.co.uk/threads/arualstis-plush-ponies.3254/page-22
THREADS,https://ukofequestria.co.uk/threads/custom-pc-cases.1879/
PAGE-FLIP,https://ukofequestria.co.uk/threads/arualstis-plush-ponies.3254/page-21
PAGE-FLIP,https://ukofequestria.co.uk/threads/blindfaiths-sculptures.11571/page-3
THREADS,https://ukofequestria.co.uk/threads/help-advice.1813/
PAGE-FLIP,https://ukofequestria.co.uk/threads/blindfaiths-sculptures.11571/page-2
THREADS,https://ukofequestria.co.uk/threads/frozenpyros-artist-training-grounds.3983/
THREADS,https://ukofequestria.co.uk/threads/fluffyloveys-bb-customs-and-plushies.9362/
PAGE-FLIP,https://ukofequestria.co.uk/threads/custom-pc-cases.1879/page-2
THREADS,https://ukofequestria.co.uk/threads/how-to-plush-opinions-please.6479/
PAGE-FLIP,https://ukofequestria.co.uk/threads/how-to-plush-opinions-please.6479/page-2
PAGE-FLIP,https://ukofequestria.co.uk/threads/fluffyloveys-bb-customs-and-plushies.9362/page-3
PAGE-FLIP,https://ukofequestria.co.uk/threads/blindfaiths-plushies.8928/page-2
THREADS,https://ukofequestria.co.uk/threads/blindfaiths-sculptures.11571/
THREADS,https://ukofequestria.co.uk/threads/blindfaiths-plushies.8928/
THREADS,https://ukofequestria.co.uk/threads/customs-by-me.5945/
PAGE-FLIP,https://ukofequestria.co.uk/threads/arualstis-plush-ponies.3254/page-19
THREADS,https://ukofequestria.co.uk/threads/custom-pc-cases.1879/poll/results?poll_response_id=315
PAGE-FLIP,https://ukofequestria.co.uk/threads/frozenpyros-sculpt-thread.4781/page-4
PAGE-FLIP,https://ukofequestria.co.uk/threads/customs-by-me.5945/page-2
THREADS,https://ukofequestria.co.uk/threads/custom-pc-cases.1879/poll/results?poll_response_id=314
THREADS,https://ukofequestria.co.uk/threads/custom-pc-cases.1879/poll/results?poll_response_id=316
THREADS,https://ukofequestria.co.uk/threads/custom-pc-cases.1879/poll/results?poll_response_id=313
THREADS,https://ukofequestria.co.uk/threads/custom-pc-cases.1879/poll/results?poll_response_id=312
THREADS,https://ukofequestria.co.uk/threads/custom-pc-cases.1879/poll/results?poll_response_id=311
PAGE-FLIP,https://ukofequestria.co.uk/threads/arualstis-plush-ponies.3254/page-20
THREADS,https://ukofequestria.co.uk/threads/custom-ponies.7762/
PAGE-FLIP,https://ukofequestria.co.uk/threads/frozenpyros-artist-training-grounds.3983/page-2
THREADS,https://ukofequestria.co.uk/threads/my-little-queen-chrysalis-hand-made-model.2755/
THREADS,https://ukofequestria.co.uk/threads/first-attempts-at-customizing-brushables.8500/
THREADS,https://ukofequestria.co.uk/threads/facades-customs.5397/
PAGE-FLIP,https://ukofequestria.co.uk/threads/little-emeralds-customs.2970/page-2
THREADS,https://ukofequestria.co.uk/threads/lifesize-plushes.13576/
PAGE-FLIP,https://ukofequestria.co.uk/threads/lifesize-plushes.13576/page-2
THREADS,https://ukofequestria.co.uk/threads/little-emeralds-customs.2970/
THREADS,https://ukofequestria.co.uk/threads/frozenpyros-sculpt-thread.4781/
THREADS,https://ukofequestria.co.uk/threads/custom-derpy.1767/
THREADS,https://ukofequestria.co.uk/threads/blind-bag-customs.8684/
PAGE-FLIP,https://ukofequestria.co.uk/threads/arualstis-plush-ponies.3254/page-17
THREADS,https://ukofequestria.co.uk/threads/frozenpyros-2014-sculpt-log.11835/
THREADS,https://ukofequestria.co.uk/threads/first-try-at-customs.4057/
PAGE-FLIP,https://ukofequestria.co.uk/threads/arualstis-plush-ponies.3254/page-18
THREADS,https://ukofequestria.co.uk/threads/my-lifesized-plsuhie-thread.2066/
PAGE-FLIP,https://ukofequestria.co.uk/threads/frozenpyros-sculpt-thread.4781/page-2
THREADS,https://ukofequestria.co.uk/threads/my-custom-luna-ps3-controller-skin-design.2915/
PAGE-FLIP,https://ukofequestria.co.uk/forums/customs-and-plushies.27/page-8?order=reply_count
THREADS,https://ukofequestria.co.uk/threads/inspiration-for-my-first-custom-courtesy-of-buck.4512/
THREADS,https://ukofequestria.co.uk/threads/my-first-custom-vinyl-scratch.5175/
THREADS,https://ukofequestria.co.uk/threads/luna-blindbag-wip.5191/
THREADS,https://ukofequestria.co.uk/threads/my-first-plushie.13581/
THREADS,https://ukofequestria.co.uk/threads/discord-plushie.7488/
THREADS,https://ukofequestria.co.uk/threads/custom-wip-changeling-minion.6555/
PAGE-FLIP,https://ukofequestria.co.uk/forums/customs-and-plushies.27/page-7?order=reply_count
PAGE-FLIP,https://ukofequestria.co.uk/threads/arualstis-plush-ponies.3254/page-15
THREADS,https://ukofequestria.co.uk/threads/shapeways-rainbow-dash.15494/
THREADS,https://ukofequestria.co.uk/threads/customed-derpy-and-umbra-flare-g4.4403/
PAGE-FLIP,https://ukofequestria.co.uk/threads/frozenpyros-sculpt-thread.4781/page-3
THREADS,https://ukofequestria.co.uk/threads/lulus-plushies-3.9159/
THREADS,https://ukofequestria.co.uk/threads/small-fluttershy-figure-request.7312/
THREADS,https://ukofequestria.co.uk/threads/some-sort-of-custom-pony.6447/
THREADS,https://ukofequestria.co.uk/threads/sonics-customs.11561/
PAGE-FLIP,https://ukofequestria.co.uk/threads/arualstis-plush-ponies.3254/page-16
THREADS,https://ukofequestria.co.uk/threads/sharpster25s-custom-blindbags.7170/
PAGE-FLIP,https://ukofequestria.co.uk/threads/mystias-smaller-plushies.4652/page-3
THREADS,https://ukofequestria.co.uk/threads/prince-shining-armour-princess-cadence.3888/
THREADS,https://ukofequestria.co.uk/threads/my-shirts-now-on-redbubble.13851/
PAGE-FLIP,https://ukofequestria.co.uk/threads/princess-celestia-plush-large.5188/page-2
THREADS,https://ukofequestria.co.uk/threads/needle-felt-princess-cadence.12995/
PAGE-FLIP,https://ukofequestria.co.uk/threads/mystias-smaller-plushies.4652/page-2
THREADS,https://ukofequestria.co.uk/threads/princess-celestia-plush-large.5188/
THREADS,https://ukofequestria.co.uk/threads/custom-shoes.9461/
THREADS,https://ukofequestria.co.uk/threads/bunnies-painty-paws.15535/
THREADS,https://ukofequestria.co.uk/threads/mystias-smaller-plushies.4652/
THREADS,https://ukofequestria.co.uk/threads/dapple-heart-plush.9770/
THREADS,https://ukofequestria.co.uk/threads/luna-plushie-plushplushplushieee.8403/
THREADS,https://ukofequestria.co.uk/threads/customs-are-magic.7158/
THREADS,https://ukofequestria.co.uk/threads/my-first-customs-nightmare-moon-octavia-vinyl-scratch-and-rainbowdash-wonderbolts.9015/
THREADS,https://ukofequestria.co.uk/threads/custom-princess-cadance-plushie.4676/
THREADS,https://ukofequestria.co.uk/threads/chinese-luna-needs-good-home.14005/
THREADS,https://ukofequestria.co.uk/threads/knitted-plushie-pattern.10965/
PAGE-FLIP,https://ukofequestria.co.uk/forums/customs-and-plushies.27/page-9?order=reply_count
THREADS,https://ukofequestria.co.uk/threads/new-g4-customs-from-www-ponyrehab-co-uk.5694/
THREADS,https://ukofequestria.co.uk/threads/creation-of-my-first-plushie.8217/
THREADS,https://ukofequestria.co.uk/threads/new-plush-style-and-celestia-d.11504/
PAGE-FLIP,https://ukofequestria.co.uk/forums/customs-and-plushies.27/page-10?order=reply_count
THREADS,https://ukofequestria.co.uk/threads/new-generation-rarity.6199/
THREADS,https://ukofequestria.co.uk/threads/oc-customs.5561/
THREADS,https://ukofequestria.co.uk/threads/omg-poseables.11167/
THREADS,https://ukofequestria.co.uk/threads/new-rainbow-dash-for-sale-patterns-tutorial.5371/
THREADS,https://ukofequestria.co.uk/threads/nightmare-moon-chariot-by-www-ponyrehab-co-uk.6116/
THREADS,https://ukofequestria.co.uk/threads/how-much-would-you-pay-for-this.4935/
THREADS,https://ukofequestria.co.uk/threads/blind-bag-zebra-wip-ideas.4367/
THREADS,https://ukofequestria.co.uk/threads/oc-blind-bag-custom.3465/
THREADS,https://ukofequestria.co.uk/threads/autumns-new-custom-and-finished-custom.5391/
THREADS,https://ukofequestria.co.uk/threads/princess-cadence-foal-sitter-custom-g4.5112/
THREADS,https://ukofequestria.co.uk/threads/custom-shoes.9965/
THREADS,https://ukofequestria.co.uk/threads/brand-new-small-fashion-choice-comfortable-easy-to-make-cheap.9013/
THREADS,https://ukofequestria.co.uk/threads/large-sized-plushy.1769/
THREADS,https://ukofequestria.co.uk/threads/fashion-pinkie-dress.1840/
THREADS,https://ukofequestria.co.uk/threads/stablebounds-custom-blind-bags.4777/
PAGE-FLIP,https://ukofequestria.co.uk/threads/stitchy-lulus.4633/page-2
THREADS,https://ukofequestria.co.uk/threads/stitchy-lulus.4633/
THREADS,https://ukofequestria.co.uk/threads/im-also-stitching-together-my-first-pony-plushie.8356/
THREADS,https://ukofequestria.co.uk/threads/homemade-wonderbolt-goggles-need-feedback.10234/
THREADS,https://ukofequestria.co.uk/threads/my-little-yamaha.10550/
THREADS,https://ukofequestria.co.uk/threads/cosplay-help-needed.10327/
THREADS,https://ukofequestria.co.uk/threads/custom-soarin-brushable.2108/
THREADS,https://ukofequestria.co.uk/threads/first-brushie-doll.1931/
THREADS,https://ukofequestria.co.uk/threads/custom-luna-headphones.13694/
THREADS,https://ukofequestria.co.uk/threads/carrot-top-golden-harvest-brushable.8941/
THREADS,https://ukofequestria.co.uk/threads/coin-operated-customs.2219/
THREADS,https://ukofequestria.co.uk/threads/tempests-custom-blind-bags.3986/
THREADS,https://ukofequestria.co.uk/threads/couple-of-modding-questions-glue-for-neck-and-how-to-sell-moded-ponies-plushies.3721/
THREADS,https://ukofequestria.co.uk/threads/just-starting-out.5953/
THREADS,https://ukofequestria.co.uk/threads/imperial-guard-on-ponies-advice.1616/
THREADS,https://ukofequestria.co.uk/threads/hair-for-custom-brushables.3038/
THREADS,https://ukofequestria.co.uk/threads/g1-custom-based-on-my-real-horse.7742/
THREADS,https://ukofequestria.co.uk/threads/girlfriends-first-plushie-pinkie-pie.6231/
THREADS,https://ukofequestria.co.uk/threads/late-birthday-gift.5729/
THREADS,https://ukofequestria.co.uk/threads/stocking-plushie.5382/
THREADS,https://ukofequestria.co.uk/threads/custom-rainbow-dash-plushie-for-sale.4869/
THREADS,https://ukofequestria.co.uk/threads/making-pony-oc-toys.4286/
THREADS,https://ukofequestria.co.uk/threads/princess-luna-plushie-wip.3999/
THREADS,https://ukofequestria.co.uk/threads/massive-pony-is-best-pony.3645/
PAGE-FLIP,https://ukofequestria.co.uk/threads/princess-luna-statue-3d-print.11180/page-2
PAGE-FLIP,https://ukofequestria.co.uk/threads/psats-plushies.815/page-3
THREADS,https://ukofequestria.co.uk/threads/homemade-wonderbolt-goggles-need-feedback.10234/poll/results?poll_response_id=1571
PAGE-FLIP,https://ukofequestria.co.uk/threads/psats-plushies.815/page-2
THREADS,https://ukofequestria.co.uk/threads/princess-luna-statue-3d-print.11180/
THREADS,https://ukofequestria.co.uk/threads/queen-chrysalis-custom-g4.4787/
THREADS,https://ukofequestria.co.uk/threads/psats-plushies.815/
THREADS,https://ukofequestria.co.uk/threads/queen-chyrsalis-horn-and-princess-cadence-necklace-for-sale.2442/
THREADS,https://ukofequestria.co.uk/threads/imperial-guard-on-ponies-advice.1616/poll/results?poll_response_id=287
THREADS,https://ukofequestria.co.uk/threads/imperial-guard-on-ponies-advice.1616/poll/results?poll_response_id=288
THREADS,https://ukofequestria.co.uk/threads/warhammer-40k.272/
THREADS,https://ukofequestria.co.uk/threads/princess-luna-minky-plush.4096/
THREADS,https://ukofequestria.co.uk/threads/opinions-on-my-new-plushie-prices.10827/
PAGE-FLIP,https://ukofequestria.co.uk/threads/parasprite-plushie.1905/page-2
THREADS,https://ukofequestria.co.uk/threads/parasprite-plushie.1905/
THREADS,https://ukofequestria.co.uk/threads/plush-companion-cubes.7411/
THREADS,https://ukofequestria.co.uk/threads/pinkie-pie-plush-on-ebay.5604/
THREADS,https://ukofequestria.co.uk/threads/patch-makers.13136/
PAGE-FLIP,https://ukofequestria.co.uk/forums/customs-and-plushies.27/page-8?order=title
THREADS,https://ukofequestria.co.uk/threads/plushie-dilemma-help-from-other-bronies-would-be-appreciated.5811/
THREADS,https://ukofequestria.co.uk/threads/plushie-making-starters.12963/
THREADS,https://ukofequestria.co.uk/threads/plushie-pattern-tutorial.6006/
THREADS,https://ukofequestria.co.uk/threads/pikachu-custom-g4-new-from-ponyrehab.5668/
THREADS,https://ukofequestria.co.uk/threads/death-note-g4-custom-from-www-ponyrehab-co-uk.5820/
THREADS,https://ukofequestria.co.uk/threads/new-bleach-g4-custom-from-ponyrehab.5830/
THREADS,https://ukofequestria.co.uk/threads/granny-smith-and-big-macintosh-customs-from-ponyrehab.5936/
THREADS,https://ukofequestria.co.uk/threads/ponyrehab-ebay-sale-now-on.6017/
THREADS,https://ukofequestria.co.uk/threads/plushie-emergency.2714/
PAGE-FLIP,https://ukofequestria.co.uk/forums/customs-and-plushies.27/page-14?order=reply_count
PAGE-FLIP,https://ukofequestria.co.uk/threads/warhammer-40k.272/page-2
PAGE-FLIP,https://ukofequestria.co.uk/forums/customs-and-plushies.27/page-13?order=reply_count
PAGE-FLIP,https://ukofequestria.co.uk/threads/warhammer-40k.272/page-5
PAGE-FLIP,https://ukofequestria.co.uk/threads/warhammer-40k.272/page-8
PAGE-FLIP,https://ukofequestria.co.uk/threads/warhammer-40k.272/page-4
PAGE-FLIP,https://ukofequestria.co.uk/threads/warhammer-40k.272/page-3
PAGE-FLIP,https://ukofequestria.co.uk/threads/warhammer-40k.272/page-6
THREADS,https://ukofequestria.co.uk/threads/the-perfect-pinkie-wig.8433/
THREADS,https://ukofequestria.co.uk/threads/the-merponies.5997/
THREADS,https://ukofequestria.co.uk/threads/the-plushie-atelier.6676/
THREADS,https://ukofequestria.co.uk/threads/mlp-bobblehead.5762/
PAGE-FLIP,https://ukofequestria.co.uk/forums/customs-and-plushies.27/page-15?order=reply_count
PAGE-FLIP,https://ukofequestria.co.uk/forums/customs-and-plushies.27/page-12?order=reply_count
PAGE-FLIP,https://ukofequestria.co.uk/forums/customs-and-plushies.27/page-11?order=reply_count
THREADS,https://ukofequestria.co.uk/threads/successful-1st-time-hair-stylings.5912/
THREADS,https://ukofequestria.co.uk/threads/my-custom-headphones.6783/
PAGE-FLIP,https://ukofequestria.co.uk/forums/customs-and-plushies.27/page-9?order=title
THREADS,https://ukofequestria.co.uk/threads/changling-queen-sculpted-and-cast-on-sale.6056/
THREADS,https://ukofequestria.co.uk/threads/luna-headphones.10093/
THREADS,https://ukofequestria.co.uk/threads/question-about-cosplay.10318/
THREADS,https://ukofequestria.co.uk/threads/custom-hi-viz.10744/
THREADS,https://ukofequestria.co.uk/threads/movable-head-and-wings-dashie-tutorial-patterns-vectors-support.5489/
PAGE-FLIP,https://ukofequestria.co.uk/forums/customs-and-plushies.27/page-10?order=title
THREADS,https://ukofequestria.co.uk/threads/creating-custom-fluttershy-wings-any-tips-or-hints.9321/
INDEX,https://ukofequestria.co.uk/forums/customs-and-plushies.27/?order=reply_count&direction=desc
THREADS,https://ukofequestria.co.uk/threads/blind-bag-key-chain.13830/
THREADS,https://ukofequestria.co.uk/threads/possible-custom-sale-event.10951/
THREADS,https://ukofequestria.co.uk/threads/plushie-eye-and-cutie-mark-tutorial.11735/
THREADS,https://ukofequestria.co.uk/threads/deviantart-plushie-givaway.12984/
THREADS,https://ukofequestria.co.uk/threads/dr-whooves-hooves-outfits-3d-glasses-from-ponyrehab.6053/
THREADS,https://ukofequestria.co.uk/threads/recommendations-for-machines-for-plushies.15436/
THREADS,https://ukofequestria.co.uk/threads/clay-fluttershy-and-rainbow-dash.5152/
THREADS,https://ukofequestria.co.uk/threads/custom-hoodies-and-plushes.10683/
THREADS,https://ukofequestria.co.uk/threads/help-anypony-mamaapple.6792/
THREADS,https://ukofequestria.co.uk/threads/my-doctor-whooves-custom-brushie.1672/
THREADS,https://ukofequestria.co.uk/threads/looking-for-rainbow-dash-custom.5275/
THREADS,https://ukofequestria.co.uk/threads/autumn-palets-pony-custom.5313/
THREADS,https://ukofequestria.co.uk/threads/cosplay-help-thread.4619/
THREADS,https://ukofequestria.co.uk/threads/my-oc-luna-petal-started-today-finished-today.2237/
THREADS,https://ukofequestria.co.uk/threads/my-hoof-at-custom-blind-bag-ponies.12525/
THREADS,https://ukofequestria.co.uk/threads/custom-pc-project-wet-rarity.3464/
THREADS,https://ukofequestria.co.uk/threads/completely-posable-rarity-patterns-and-tutorials-for-sale.6738/
THREADS,https://ukofequestria.co.uk/threads/autumn-palets-little-shack-of-customs.5295/
THREADS,https://ukofequestria.co.uk/threads/buck-commissions-chasing-up.5547/
THREADS,https://ukofequestria.co.uk/threads/rainbow-dash-plushie-megaprana.5626/
THREADS,https://ukofequestria.co.uk/threads/i-make-teeny-tiny-ponies-3.14526/
THREADS,https://ukofequestria.co.uk/threads/equestrian-copper-bit.7890/
THREADS,https://ukofequestria.co.uk/threads/blind-bag-key-chain.13830/poll/results?poll_response_id=2048
THREADS,https://ukofequestria.co.uk/threads/awesome-plushie-unboxing.6563/
THREADS,https://ukofequestria.co.uk/threads/how-to-customise-g4-my-little-pony-videos.8164/
THREADS,https://ukofequestria.co.uk/threads/big-plush-giveaway.8248/
THREADS,https://ukofequestria.co.uk/threads/arlos-plushies.7702/
THREADS,https://ukofequestria.co.uk/threads/blind-bag-key-chain.13830/poll/results?poll_response_id=2046
THREADS,https://ukofequestria.co.uk/threads/nottingham-mini-con.10950/
THREADS,https://ukofequestria.co.uk/threads/baby-pony-plushies-price-help.8864/
THREADS,https://ukofequestria.co.uk/threads/my-little-customs.5160/
THREADS,https://ukofequestria.co.uk/threads/custom-plushie-advice.1869/
THREADS,https://ukofequestria.co.uk/threads/dr-whooves-hooves-g4-custom-from-www-ponyrehab-co-uk.5813/
THREADS,https://ukofequestria.co.uk/threads/how-does-one-go-about-making-plushies.5259/
THREADS,https://ukofequestria.co.uk/threads/my-first-plushie.8901/
PAGE-FLIP,https://ukofequestria.co.uk/threads/what-will-you-be-cosplaying-to-buck.2456/page-7
THREADS,https://ukofequestria.co.uk/threads/embroidered-derpy-hooves-12-inch-plushie-on-ebay.10101/
THREADS,https://ukofequestria.co.uk/threads/custom-decora-pony.5904/
THREADS,https://ukofequestria.co.uk/threads/colt-sombra-brushable.7329/
THREADS,https://ukofequestria.co.uk/threads/brushmane-scale-griffons-help.8471/
THREADS,https://ukofequestria.co.uk/threads/cranky-doodle-donkey-custom-from-www-ponyrehab-co-uk.6218/
THREADS,https://ukofequestria.co.uk/threads/customs-and-plushie-trades.9750/
THREADS,https://ukofequestria.co.uk/threads/custom-pony-commissions.10250/
THREADS,https://ukofequestria.co.uk/threads/nottingham-mini-con.10950/poll/results?poll_response_id=1705
PAGE-FLIP,https://ukofequestria.co.uk/threads/warhammer-40k.272/page-7
THREADS,https://ukofequestria.co.uk/threads/custom-vinyl-scratch.1819/
PAGE-FLIP,https://ukofequestria.co.uk/forums/customs-and-plushies.27/page-6?order=reply_count&direction=asc
PAGE-FLIP,https://ukofequestria.co.uk/forums/customs-and-plushies.27/page-16?order=reply_count&direction=asc
THREADS,https://ukofequestria.co.uk/threads/my-little-fakie.6073/
THREADS,https://ukofequestria.co.uk/threads/plushie-washing.13187/
THREADS,https://ukofequestria.co.uk/threads/plushies-in-the-york-area.9467/
PAGE-FLIP,https://ukofequestria.co.uk/forums/customs-and-plushies.27/page-2?order=reply_count&direction=asc
THREADS,https://ukofequestria.co.uk/threads/pony-3d-dog-tags.7435/
PAGE-FLIP,https://ukofequestria.co.uk/forums/customs-and-plushies.27/page-5?order=reply_count&direction=asc
PAGE-FLIP,https://ukofequestria.co.uk/forums/customs-and-plushies.27/page-4?order=reply_count&direction=asc
PAGE-FLIP,https://ukofequestria.co.uk/forums/customs-and-plushies.27/page-3?order=reply_count&direction=asc
THREADS,https://ukofequestria.co.uk/threads/pony-dying-thread-d.6069/
PAGE-FLIP,https://ukofequestria.co.uk/threads/what-will-you-be-cosplaying-to-buck.2456/page-5
PAGE-FLIP,https://ukofequestria.co.uk/threads/what-will-you-be-cosplaying-to-buck.2456/page-9
PAGE-FLIP,https://ukofequestria.co.uk/threads/what-will-you-be-cosplaying-to-buck.2456/page-8
PAGE-FLIP,https://ukofequestria.co.uk/threads/what-will-you-be-cosplaying-to-buck.2456/page-6
PAGE-FLIP,https://ukofequestria.co.uk/threads/what-will-you-be-cosplaying-to-buck.2456/page-11
THREADS,https://ukofequestria.co.uk/threads/pony-plush-tips-and-gallery-by-bitter-tea.11326/
THREADS,https://ukofequestria.co.uk/threads/pony-loaf-progress.3917/
THREADS,https://ukofequestria.co.uk/threads/what-will-you-be-cosplaying-to-buck.2456/
PAGE-FLIP,https://ukofequestria.co.uk/forums/customs-and-plushies.27/page-8?order=reply_count&direction=asc
PAGE-FLIP,https://ukofequestria.co.uk/forums/customs-and-plushies.27/page-7?order=reply_count&direction=asc
THREADS,https://ukofequestria.co.uk/threads/pony-surgery.6016/
PAGE-FLIP,https://ukofequestria.co.uk/threads/pony-theme-cushions.11672/page-2
THREADS,https://ukofequestria.co.uk/threads/pony-plushies-what-do-you-want-to-see-me-make.10416/
PAGE-FLIP,https://ukofequestria.co.uk/forums/customs-and-plushies.27/page-13?order=reply_count&direction=asc
PAGE-FLIP,https://ukofequestria.co.uk/forums/customs-and-plushies.27/page-15?order=reply_count&direction=asc
PAGE-FLIP,https://ukofequestria.co.uk/forums/customs-and-plushies.27/page-12?order=reply_count&direction=asc
PAGE-FLIP,https://ukofequestria.co.uk/forums/customs-and-plushies.27/page-7?order=title
THREADS,https://ukofequestria.co.uk/threads/pony-theme-cushions.11672/
THREADS,https://ukofequestria.co.uk/threads/the-worlds-most-awesome-mane-6.1765/
PAGE-FLIP,https://ukofequestria.co.uk/forums/customs-and-plushies.27/page-14?order=reply_count&direction=asc
PAGE-FLIP,https://ukofequestria.co.uk/forums/customs-and-plushies.27/page-11?order=reply_count&direction=asc
THREADS,https://ukofequestria.co.uk/threads/tias-little-custom-corner.6021/
THREADS,https://ukofequestria.co.uk/threads/titus-the-rattata.6164/
THREADS,https://ukofequestria.co.uk/threads/tips-on-plushies.2164/
PAGE-FLIP,https://ukofequestria.co.uk/threads/what-will-you-be-cosplaying-to-buck.2456/page-10
PAGE-FLIP,https://ukofequestria.co.uk/threads/what-will-you-be-cosplaying-to-buck.2456/page-3
THREADS,https://ukofequestria.co.uk/threads/trixie-finally-finished-d.2713/
THREADS,https://ukofequestria.co.uk/threads/twilight-sparkle-onesie.11793/
THREADS,https://ukofequestria.co.uk/threads/pony-loaf-progress.3917/poll/results?poll_response_id=710
THREADS,https://ukofequestria.co.uk/threads/pony-loaf-progress.3917/poll/results?poll_response_id=709
THREADS,https://ukofequestria.co.uk/threads/pony-loaf-progress.3917/poll/results?poll_response_id=708
THREADS,https://ukofequestria.co.uk/threads/pony-loaf-progress.3917/poll/results?poll_response_id=707
PAGE-FLIP,https://ukofequestria.co.uk/threads/what-will-you-be-cosplaying-to-buck.2456/page-4
PAGE-FLIP,https://ukofequestria.co.uk/forums/customs-and-plushies.27/page-9?order=reply_count&direction=asc
PAGE-FLIP,https://ukofequestria.co.uk/forums/customs-and-plushies.27/page-10?order=reply_count&direction=asc
PAGE-FLIP,https://ukofequestria.co.uk/threads/what-will-you-be-cosplaying-to-buck.2456/page-2
THREADS,https://ukofequestria.co.uk/threads/pony-plushies-what-do-you-want-to-see-me-make.10416/poll/results?poll_response_id=1591
THREADS,https://ukofequestria.co.uk/threads/pony-plushies-what-do-you-want-to-see-me-make.10416/poll/results?poll_response_id=1586
THREADS,https://ukofequestria.co.uk/threads/pony-plushies-what-do-you-want-to-see-me-make.10416/poll/results?poll_response_id=1585
THREADS,https://ukofequestria.co.uk/threads/pony-plushies-what-do-you-want-to-see-me-make.10416/poll/results?poll_response_id=1590
THREADS,https://ukofequestria.co.uk/threads/pony-plushies-what-do-you-want-to-see-me-make.10416/poll/results?poll_response_id=1588
THREADS,https://ukofequestria.co.uk/threads/pony-plushies-what-do-you-want-to-see-me-make.10416/poll/results?poll_response_id=1587
THREADS,https://ukofequestria.co.uk/threads/pony-plushies-what-do-you-want-to-see-me-make.10416/poll/results?poll_response_id=1592
THREADS,https://ukofequestria.co.uk/threads/pony-plushies-what-do-you-want-to-see-me-make.10416/poll/results?poll_response_id=1584
THREADS,https://ukofequestria.co.uk/threads/arlos-plushie-commissions.6163/
THREADS,https://ukofequestria.co.uk/threads/pony-loaf-progress.3917/poll/results?poll_response_id=705
THREADS,https://ukofequestria.co.uk/threads/pony-plushies-what-do-you-want-to-see-me-make.10416/poll/results?poll_response_id=1583
THREADS,https://ukofequestria.co.uk/threads/uk-ponycon-mlc-discount-voucher-from-uk-ponycons-2013-conbook.12190/
THREADS,https://ukofequestria.co.uk/threads/arlos-custom-stuff.3162/
THREADS,https://ukofequestria.co.uk/threads/twilight-sparkle-plushie-for-sale.5635/
THREADS,https://ukofequestria.co.uk/threads/pony-loaf-progress.3917/poll/results?poll_response_id=706
THREADS,https://ukofequestria.co.uk/threads/nigel-thornberry-custom-at-ponyrehab-co-uk.5597/
PAGE-FLIP,https://ukofequestria.co.uk/forums/customs-and-plushies.27/page-16?order=title&direction=asc
PAGE-FLIP,https://ukofequestria.co.uk/forums/customs-and-plushies.27/page-6?order=title&direction=asc
PAGE-FLIP,https://ukofequestria.co.uk/forums/customs-and-plushies.27/page-4?order=title&direction=asc
PAGE-FLIP,https://ukofequestria.co.uk/forums/customs-and-plushies.27/page-3?order=title&direction=asc
INDEX,https://ukofequestria.co.uk/forums/customs-and-plushies.27/?order=title&direction=desc
PAGE-FLIP,https://ukofequestria.co.uk/forums/customs-and-plushies.27/page-5?order=title&direction=asc
PAGE-FLIP,https://ukofequestria.co.uk/threads/a-true-loss-to-plushie-fans.2212/page-2
PAGE-FLIP,https://ukofequestria.co.uk/threads/addys-customs-and-plush-for-all-to-see.4770/page-2
PAGE-FLIP,https://ukofequestria.co.uk/forums/customs-and-plushies.27/page-2?order=title&direction=asc
THREADS,https://ukofequestria.co.uk/threads/a-true-loss-to-plushie-fans.2212/
THREADS,https://ukofequestria.co.uk/threads/addys-customs-and-plush-for-all-to-see.4770/
THREADS,https://ukofequestria.co.uk/threads/any-plushie-makers-taking-commissions.6690/
THREADS,https://ukofequestria.co.uk/threads/anypony-out-there-customize-the-old-g1-g3-models.7714/
THREADS,https://ukofequestria.co.uk/threads/advice-on-gaining-access-to-an-embroidery-machine.9428/
THREADS,https://ukofequestria.co.uk/threads/advice-on-making-plushies.11654/
THREADS,https://ukofequestria.co.uk/threads/ancient-sewing-machine.8825/
THREADS,https://ukofequestria.co.uk/threads/airsoft-rifle-with-20-cooler-modification.1755/
PAGE-FLIP,https://ukofequestria.co.uk/threads/apogees-plushies.5795/page-2
PAGE-FLIP,https://ukofequestria.co.uk/forums/customs-and-plushies.27/page-11?order=title&direction=asc
THREADS,https://ukofequestria.co.uk/threads/applejack-merchandise-please.6938/
PAGE-FLIP,https://ukofequestria.co.uk/forums/customs-and-plushies.27/page-12?order=title&direction=asc
THREADS,https://ukofequestria.co.uk/threads/applejacks-hat.4523/
PAGE-FLIP,https://ukofequestria.co.uk/forums/customs-and-plushies.27/page-14?order=title&direction=asc
PAGE-FLIP,https://ukofequestria.co.uk/forums/customs-and-plushies.27/page-13?order=title&direction=asc
THREADS,https://ukofequestria.co.uk/threads/apogees-plushies.5795/
PAGE-FLIP,https://ukofequestria.co.uk/forums/customs-and-plushies.27/page-15?order=title&direction=asc
PAGE-FLIP,https://ukofequestria.co.uk/forums/customs-and-plushies.27/page-12?order=title
PAGE-FLIP,https://ukofequestria.co.uk/forums/customs-and-plushies.27/page-11?order=title
PAGE-FLIP,https://ukofequestria.co.uk/forums/customs-and-plushies.27/page-14?order=title
PAGE-FLIP,https://ukofequestria.co.uk/forums/customs-and-plushies.27/page-7?order=title&direction=asc
PAGE-FLIP,https://ukofequestria.co.uk/forums/customs-and-plushies.27/page-13?order=title
PAGE-FLIP,https://ukofequestria.co.uk/forums/customs-and-plushies.27/page-8?order=title&direction=asc
PAGE-FLIP,https://ukofequestria.co.uk/threads/arualstis-plush-ponies.3254/page-14
THREADS,https://ukofequestria.co.uk/threads/mini-shoulder-ponies.17196/
INDEX,https://ukofequestria.co.uk/forums/customs-and-plushies.27/?order=post_date&direction=asc
PAGE-FLIP,https://ukofequestria.co.uk/forums/customs-and-plushies.27/page-16?order=post_date
PAGE-FLIP,https://ukofequestria.co.uk/forums/customs-and-plushies.27/page-6?order=post_date
PAGE-FLIP,https://ukofequestria.co.uk/forums/customs-and-plushies.27/page-5?order=post_date
PAGE-FLIP,https://ukofequestria.co.uk/forums/customs-and-plushies.27/page-15?order=title
PAGE-FLIP,https://ukofequestria.co.uk/forums/customs-and-plushies.27/page-4?order=post_date
PAGE-FLIP,https://ukofequestria.co.uk/forums/customs-and-plushies.27/page-3?order=post_date
PAGE-FLIP,https://ukofequestria.co.uk/forums/customs-and-plushies.27/page-10?order=title&direction=asc
PAGE-FLIP,https://ukofequestria.co.uk/forums/customs-and-plushies.27/page-2?order=post_date
PAGE-FLIP,https://ukofequestria.co.uk/threads/luna-plushie.6204/page-3
THREADS,https://ukofequestria.co.uk/threads/luna-plushie.6204/
PAGE-FLIP,https://ukofequestria.co.uk/threads/needle-felted-ponies.6306/page-4
PAGE-FLIP,https://ukofequestria.co.uk/threads/needle-felted-ponies.6306/page-3
PAGE-FLIP,https://ukofequestria.co.uk/threads/needle-felted-ponies.6306/page-2
PAGE-FLIP,https://ukofequestria.co.uk/forums/customs-and-plushies.27/page-9?order=title&direction=asc
PAGE-FLIP,https://ukofequestria.co.uk/threads/looking-for-some-ocs.7655/page-4
PAGE-FLIP,https://ukofequestria.co.uk/threads/looking-for-some-ocs.7655/page-2
THREADS,https://ukofequestria.co.uk/threads/looking-for-some-ocs.7655/
PAGE-FLIP,https://ukofequestria.co.uk/threads/custom-plushies.280/page-6
PAGE-FLIP,https://ukofequestria.co.uk/threads/custom-plushies.280/page-5
PAGE-FLIP,https://ukofequestria.co.uk/threads/looking-for-some-ocs.7655/page-3
PAGE-FLIP,https://ukofequestria.co.uk/threads/custom-plushies.280/page-4
THREADS,https://ukofequestria.co.uk/threads/needle-felted-ponies.6306/
PAGE-FLIP,https://ukofequestria.co.uk/threads/a-few-questions-to-the-plushie-makers-out-there.3915/page-5
PAGE-FLIP,https://ukofequestria.co.uk/threads/my-lego-ponies-custom-minifigs-by-brj.7045/page-3
PAGE-FLIP,https://ukofequestria.co.uk/threads/a-few-questions-to-the-plushie-makers-out-there.3915/page-3
THREADS,https://ukofequestria.co.uk/threads/a-few-questions-to-the-plushie-makers-out-there.3915/
THREADS,https://ukofequestria.co.uk/threads/ben1138s-custom-blind-bags-and-assorted-pony-stuff.3167/
PAGE-FLIP,https://ukofequestria.co.uk/threads/my-lego-ponies-custom-minifigs-by-brj.7045/page-2
THREADS,https://ukofequestria.co.uk/threads/custom-plushies.280/
PAGE-FLIP,https://ukofequestria.co.uk/forums/customs-and-plushies.27/page-13?order=post_date
PAGE-FLIP,https://ukofequestria.co.uk/threads/a-few-questions-to-the-plushie-makers-out-there.3915/page-4
PAGE-FLIP,https://ukofequestria.co.uk/forums/customs-and-plushies.27/page-12?order=post_date
PAGE-FLIP,https://ukofequestria.co.uk/forums/customs-and-plushies.27/page-11?order=post_date
PAGE-FLIP,https://ukofequestria.co.uk/forums/customs-and-plushies.27/page-7?order=post_date
PAGE-FLIP,https://ukofequestria.co.uk/forums/customs-and-plushies.27/page-14?order=post_date
PAGE-FLIP,https://ukofequestria.co.uk/forums/customs-and-plushies.27/page-15?order=post_date
PAGE-FLIP,https://ukofequestria.co.uk/forums/customs-and-plushies.27/page-8?order=post_date
PAGE-FLIP,https://ukofequestria.co.uk/forums/customs-and-plushies.27/page-16?order=post_date&direction=asc
PAGE-FLIP,https://ukofequestria.co.uk/forums/customs-and-plushies.27/page-3?order=post_date&direction=asc
PAGE-FLIP,https://ukofequestria.co.uk/forums/customs-and-plushies.27/page-5?order=post_date&direction=asc
PAGE-FLIP,https://ukofequestria.co.uk/threads/custom-plushies.280/page-2
PAGE-FLIP,https://ukofequestria.co.uk/threads/custom-plushies.280/page-3
PAGE-FLIP,https://ukofequestria.co.uk/forums/customs-and-plushies.27/page-6?order=post_date&direction=asc
INDEX,https://ukofequestria.co.uk/forums/customs-and-plushies.27/?order=post_date&direction=desc
PAGE-FLIP,https://ukofequestria.co.uk/forums/customs-and-plushies.27/page-2?order=post_date&direction=asc
THREADS,https://ukofequestria.co.uk/threads/my-lego-ponies-custom-minifigs-by-brj.7045/
PAGE-FLIP,https://ukofequestria.co.uk/forums/customs-and-plushies.27/page-4?order=post_date&direction=asc
PAGE-FLIP,https://ukofequestria.co.uk/threads/my-handsew-plushies.7907/page-10
PAGE-FLIP,https://ukofequestria.co.uk/threads/a-few-little-custom-ponies.2245/page-10
PAGE-FLIP,https://ukofequestria.co.uk/threads/a-few-questions-to-the-plushie-makers-out-there.3915/page-2
PAGE-FLIP,https://ukofequestria.co.uk/threads/a-few-little-custom-ponies.2245/page-9
THREADS,https://ukofequestria.co.uk/threads/a-few-little-custom-ponies.2245/
PAGE-FLIP,https://ukofequestria.co.uk/threads/a-few-little-custom-ponies.2245/page-11
PAGE-FLIP,https://ukofequestria.co.uk/forums/customs-and-plushies.27/page-9?order=post_date
THREADS,https://ukofequestria.co.uk/threads/my-handsew-plushies.7907/
PAGE-FLIP,https://ukofequestria.co.uk/threads/my-first-ever-plushie-princess-luna.7849/page-7
PAGE-FLIP,https://ukofequestria.co.uk/threads/my-first-ever-plushie-princess-luna.7849/page-6
PAGE-FLIP,https://ukofequestria.co.uk/forums/customs-and-plushies.27/page-10?order=post_date
PAGE-FLIP,https://ukofequestria.co.uk/forums/customs-and-plushies.27/page-14?order=post_date&direction=asc
PAGE-FLIP,https://ukofequestria.co.uk/threads/my-handsew-plushies.7907/page-8
PAGE-FLIP,https://ukofequestria.co.uk/forums/customs-and-plushies.27/page-13?order=post_date&direction=asc
PAGE-FLIP,https://ukofequestria.co.uk/forums/customs-and-plushies.27/page-7?order=post_date&direction=asc
PAGE-FLIP,https://ukofequestria.co.uk/forums/customs-and-plushies.27/page-12?order=post_date&direction=asc
PAGE-FLIP,https://ukofequestria.co.uk/forums/customs-and-plushies.27/page-11?order=post_date&direction=asc
PAGE-FLIP,https://ukofequestria.co.uk/forums/customs-and-plushies.27/page-15?order=post_date&direction=asc
PAGE-FLIP,https://ukofequestria.co.uk/threads/my-first-ever-plushie-princess-luna.7849/page-5
PAGE-FLIP,https://ukofequestria.co.uk/forums/customs-and-plushies.27/page-8?order=post_date&direction=asc
PAGE-FLIP,https://ukofequestria.co.uk/threads/my-handsew-plushies.7907/page-9
PAGE-FLIP,https://ukofequestria.co.uk/threads/a-few-little-custom-ponies.2245/page-8
PAGE-FLIP,https://ukofequestria.co.uk/threads/a-few-little-custom-ponies.2245/page-7
PAGE-FLIP,https://ukofequestria.co.uk/threads/a-few-little-custom-ponies.2245/page-6
PAGE-FLIP,https://ukofequestria.co.uk/threads/my-handsew-plushies.7907/page-7
PAGE-FLIP,https://ukofequestria.co.uk/threads/my-handsew-plushies.7907/page-6
PAGE-FLIP,https://ukofequestria.co.uk/threads/blind-bag-customs.319/page-35
PAGE-FLIP,https://ukofequestria.co.uk/threads/blind-bag-customs.319/page-36
PAGE-FLIP,https://ukofequestria.co.uk/threads/my-handsew-plushies.7907/page-5
PAGE-FLIP,https://ukofequestria.co.uk/threads/my-handsew-plushies.7907/page-4
PAGE-FLIP,https://ukofequestria.co.uk/threads/bitter-teas-plushies-accessories.2014/page-58
PAGE-FLIP,https://ukofequestria.co.uk/threads/my-handsew-plushies.7907/page-3
PAGE-FLIP,https://ukofequestria.co.uk/threads/my-handsew-plushies.7907/page-2
PAGE-FLIP,https://ukofequestria.co.uk/threads/a-few-little-custom-ponies.2245/page-5
PAGE-FLIP,https://ukofequestria.co.uk/threads/a-few-little-custom-ponies.2245/page-4
PAGE-FLIP,https://ukofequestria.co.uk/threads/a-few-little-custom-ponies.2245/page-3
PAGE-FLIP,https://ukofequestria.co.uk/threads/a-few-little-custom-ponies.2245/page-2
PAGE-FLIP,https://ukofequestria.co.uk/threads/blind-bag-customs.319/page-34
THREADS,https://ukofequestria.co.uk/threads/blind-bag-customs.319/
PAGE-FLIP,https://ukofequestria.co.uk/threads/chestnuts-custom-blind-bags-sculptures.1892/page-43
PAGE-FLIP,https://ukofequestria.co.uk/threads/chestnuts-custom-blind-bags-sculptures.1892/page-42
PAGE-FLIP,https://ukofequestria.co.uk/threads/chestnuts-custom-blind-bags-sculptures.1892/page-41
THREADS,https://ukofequestria.co.uk/threads/chestnuts-custom-blind-bags-sculptures.1892/
INDEX,https://ukofequestria.co.uk/forums/customs-and-plushies.27/?order=view_count&direction=asc
PAGE-FLIP,https://ukofequestria.co.uk/forums/customs-and-plushies.27/page-9?order=post_date&direction=asc
PAGE-FLIP,https://ukofequestria.co.uk/forums/customs-and-plushies.27/page-16?order=view_count
PAGE-FLIP,https://ukofequestria.co.uk/forums/customs-and-plushies.27/page-6?order=view_count
PAGE-FLIP,https://ukofequestria.co.uk/forums/customs-and-plushies.27/page-5?order=view_count
PAGE-FLIP,https://ukofequestria.co.uk/forums/customs-and-plushies.27/page-4?order=view_count
PAGE-FLIP,https://ukofequestria.co.uk/forums/customs-and-plushies.27/page-3?order=view_count
PAGE-FLIP,https://ukofequestria.co.uk/forums/customs-and-plushies.27/page-2?order=view_count
THREADS,https://ukofequestria.co.uk/threads/shes-finished-large-fluttershy-plush.1112/
PAGE-FLIP,https://ukofequestria.co.uk/forums/customs-and-plushies.27/page-10?order=post_date&direction=asc
PAGE-FLIP,https://ukofequestria.co.uk/threads/bitter-teas-plushies-accessories.2014/page-59
PAGE-FLIP,https://ukofequestria.co.uk/threads/bitter-teas-plushies-accessories.2014/page-56
PAGE-FLIP,https://ukofequestria.co.uk/threads/bitter-teas-plushies-accessories.2014/page-57
PAGE-FLIP,https://ukofequestria.co.uk/threads/blind-bag-customs.319/page-33
PAGE-FLIP,https://ukofequestria.co.uk/threads/blind-bag-customs.319/page-32
PAGE-FLIP,https://ukofequestria.co.uk/threads/blind-bag-customs.319/page-31
THREADS,https://ukofequestria.co.uk/threads/minky-plushies-commissions.9651/
PAGE-FLIP,https://ukofequestria.co.uk/threads/bitter-teas-plushies-accessories.2014/page-60
THREADS,https://ukofequestria.co.uk/threads/pony-doll-customs.1322/
THREADS,https://ukofequestria.co.uk/threads/lunadashs-blindbag-custom-ish-attempts.1184/
PAGE-FLIP,https://ukofequestria.co.uk/threads/pony-pins-badges.725/page-2
THREADS,https://ukofequestria.co.uk/threads/pony-pins-badges.725/
THREADS,https://ukofequestria.co.uk/threads/custom-request.1132/
THREADS,https://ukofequestria.co.uk/threads/firenze-brushie-conversion.1042/
THREADS,https://ukofequestria.co.uk/threads/shadow-dash-custom.1043/
THREADS,https://ukofequestria.co.uk/threads/arlo-blindybag-customs-d.1191/
PAGE-FLIP,https://ukofequestria.co.uk/forums/customs-and-plushies.27/page-14?order=view_count
PAGE-FLIP,https://ukofequestria.co.uk/forums/customs-and-plushies.27/page-13?order=view_count
PAGE-FLIP,https://ukofequestria.co.uk/forums/customs-and-plushies.27/page-12?order=view_count
INDEX,https://ukofequestria.co.uk/forums/customs-and-plushies.27/?order=view_count&direction=desc
PAGE-FLIP,https://ukofequestria.co.uk/forums/customs-and-plushies.27/page-11?order=view_count
PAGE-FLIP,https://ukofequestria.co.uk/forums/customs-and-plushies.27/page-8?order=view_count
PAGE-FLIP,https://ukofequestria.co.uk/forums/customs-and-plushies.27/page-7?order=view_count
PAGE-FLIP,https://ukofequestria.co.uk/forums/customs-and-plushies.27/page-15?order=view_count
PAGE-FLIP,https://ukofequestria.co.uk/forums/customs-and-plushies.27/page-6?order=view_count&direction=asc
PAGE-FLIP,https://ukofequestria.co.uk/forums/customs-and-plushies.27/page-5?order=view_count&direction=asc
PAGE-FLIP,https://ukofequestria.co.uk/forums/customs-and-plushies.27/page-4?order=view_count&direction=asc
PAGE-FLIP,https://ukofequestria.co.uk/forums/customs-and-plushies.27/page-2?order=view_count&direction=asc
PAGE-FLIP,https://ukofequestria.co.uk/forums/customs-and-plushies.27/page-3?order=view_count&direction=asc
PAGE-FLIP,https://ukofequestria.co.uk/forums/customs-and-plushies.27/page-16?order=view_count&direction=asc
PAGE-FLIP,https://ukofequestria.co.uk/threads/chestnuts-custom-blind-bags-sculptures.1892/page-5
PAGE-FLIP,https://ukofequestria.co.uk/threads/chestnuts-custom-blind-bags-sculptures.1892/page-6
PAGE-FLIP,https://ukofequestria.co.uk/threads/bitter-teas-plushies-accessories.2014/page-62
PAGE-FLIP,https://ukofequestria.co.uk/threads/minky-plushies-commissions.9651/page-2
PAGE-FLIP,https://ukofequestria.co.uk/threads/blind-bag-customs.319/page-29
PAGE-FLIP,https://ukofequestria.co.uk/threads/blind-bag-customs.319/page-30
THREADS,https://ukofequestria.co.uk/threads/nottingham-name-tag-reservations.1067/
PAGE-FLIP,https://ukofequestria.co.uk/threads/bitter-teas-plushies-accessories.2014/page-54
PAGE-FLIP,https://ukofequestria.co.uk/threads/bitter-teas-plushies-accessories.2014/page-55
PAGE-FLIP,https://ukofequestria.co.uk/threads/bitter-teas-plushies-accessories.2014/page-61
PAGE-FLIP,https://ukofequestria.co.uk/threads/chestnuts-custom-blind-bags-sculptures.1892/page-3
PAGE-FLIP,https://ukofequestria.co.uk/threads/chestnuts-custom-blind-bags-sculptures.1892/page-2
PAGE-FLIP,https://ukofequestria.co.uk/threads/chestnuts-custom-blind-bags-sculptures.1892/page-40
PAGE-FLIP,https://ukofequestria.co.uk/threads/chestnuts-custom-blind-bags-sculptures.1892/page-39
PAGE-FLIP,https://ukofequestria.co.uk/threads/chestnuts-custom-blind-bags-sculptures.1892/page-38
PAGE-FLIP,https://ukofequestria.co.uk/forums/customs-and-plushies.27/page-10?order=view_count
PAGE-FLIP,https://ukofequestria.co.uk/threads/chestnuts-custom-blind-bags-sculptures.1892/page-4
PAGE-FLIP,https://ukofequestria.co.uk/threads/blind-bag-customs.319/page-6
PAGE-FLIP,https://ukofequestria.co.uk/threads/blind-bag-customs.319/page-4
PAGE-FLIP,https://ukofequestria.co.uk/threads/blind-bag-customs.319/page-3
PAGE-FLIP,https://ukofequestria.co.uk/threads/blind-bag-customs.319/page-2
THREADS,https://ukofequestria.co.uk/threads/mane-six-keychains-sale.543/
PAGE-FLIP,https://ukofequestria.co.uk/threads/blind-bag-customs.319/page-5
PAGE-FLIP,https://ukofequestria.co.uk/forums/customs-and-plushies.27/page-14?order=view_count&direction=asc
PAGE-FLIP,https://ukofequestria.co.uk/forums/customs-and-plushies.27/page-9?order=view_count
PAGE-FLIP,https://ukofequestria.co.uk/forums/customs-and-plushies.27/page-13?order=view_count&direction=asc
PAGE-FLIP,https://ukofequestria.co.uk/forums/customs-and-plushies.27/page-8?order=view_count&direction=asc
PAGE-FLIP,https://ukofequestria.co.uk/forums/customs-and-plushies.27/page-12?order=view_count&direction=asc
PAGE-FLIP,https://ukofequestria.co.uk/forums/customs-and-plushies.27/page-11?order=view_count&direction=asc
PAGE-FLIP,https://ukofequestria.co.uk/forums/customs-and-plushies.27/page-15?order=view_count&direction=asc
PAGE-FLIP,https://ukofequestria.co.uk/forums/customs-and-plushies.27/page-7?order=view_count&direction=asc
PAGE-FLIP,https://ukofequestria.co.uk/threads/chestnuts-custom-blind-bags-sculptures.1892/page-8
PAGE-FLIP,https://ukofequestria.co.uk/threads/chestnuts-custom-blind-bags-sculptures.1892/page-7
THREADS,https://ukofequestria.co.uk/threads/nottingham-name-tag-reservations.1067/poll/results?poll_response_id=213
THREADS,https://ukofequestria.co.uk/threads/nottingham-name-tag-reservations.1067/poll/results?poll_response_id=212
PAGE-FLIP,https://ukofequestria.co.uk/threads/bitter-teas-plushies-accessories.2014/page-53
PAGE-FLIP,https://ukofequestria.co.uk/threads/nottingham-name-tag-reservations.1067/page-3
PAGE-FLIP,https://ukofequestria.co.uk/threads/nottingham-name-tag-reservations.1067/page-2
PAGE-FLIP,https://ukofequestria.co.uk/threads/nottingham-name-tag-reservations.1067/page-4
PAGE-FLIP,https://ukofequestria.co.uk/threads/bitter-teas-plushies-accessories.2014/page-52
THREADS,https://ukofequestria.co.uk/threads/nottingham-name-tag-reservations.1067/poll/results?poll_response_id=211
PAGE-FLIP,https://ukofequestria.co.uk/threads/chestnuts-custom-blind-bags-sculptures.1892/page-36
THREADS,https://ukofequestria.co.uk/threads/nottingham-name-tag-reservations.1067/poll/results?poll_response_id=209
THREADS,https://ukofequestria.co.uk/threads/nottingham-name-tag-reservations.1067/poll/results?poll_response_id=208
PAGE-FLIP,https://ukofequestria.co.uk/threads/chestnuts-custom-blind-bags-sculptures.1892/page-37
PAGE-FLIP,https://ukofequestria.co.uk/threads/blind-bag-customs.319/page-28
THREADS,https://ukofequestria.co.uk/threads/nottingham-name-tag-reservations.1067/poll/results?poll_response_id=210
PAGE-FLIP,https://ukofequestria.co.uk/threads/blind-bag-customs.319/page-8
PAGE-FLIP,https://ukofequestria.co.uk/threads/blind-bag-customs.319/page-27
PAGE-FLIP,https://ukofequestria.co.uk/threads/bitter-teas-plushies-accessories.2014/page-64
PAGE-FLIP,https://ukofequestria.co.uk/forums/customs-and-plushies.27/page-10?order=view_count&direction=asc
PAGE-FLIP,https://ukofequestria.co.uk/forums/customs-and-plushies.27/page-9?order=view_count&direction=asc
PAGE-FLIP,https://ukofequestria.co.uk/threads/bitter-teas-plushies-accessories.2014/page-63
PAGE-FLIP,https://ukofequestria.co.uk/threads/chestnuts-custom-blind-bags-sculptures.1892/page-10
THREADS,https://ukofequestria.co.uk/threads/rainbow-dash-necklace.616/
PAGE-FLIP,https://ukofequestria.co.uk/threads/chestnuts-custom-blind-bags-sculptures.1892/page-9
THREADS,https://ukofequestria.co.uk/threads/fluttershy-hat.551/
THREADS,https://ukofequestria.co.uk/threads/my-first-custom-figure-expect-pictures-because-of-proudness.510/
THREADS,https://ukofequestria.co.uk/threads/my-custom-pony-little-emerald.147/
PAGE-FLIP,https://ukofequestria.co.uk/threads/fluttershy-hat.551/page-2
PAGE-FLIP,https://ukofequestria.co.uk/threads/blind-bag-customs.319/page-7
INDEX,https://ukofequestria.co.uk/forums/customs-and-plushies.27/?direction=desc
PAGE-FLIP,https://ukofequestria.co.uk/forums/customs-and-plushies.27/page-16?direction=asc
PAGE-FLIP,https://ukofequestria.co.uk/forums/customs-and-plushies.27/page-6?direction=asc
PAGE-FLIP,https://ukofequestria.co.uk/threads/chestnuts-custom-blind-bags-sculptures.1892/page-34
PAGE-FLIP,https://ukofequestria.co.uk/threads/chestnuts-custom-blind-bags-sculptures.1892/page-35
PAGE-FLIP,https://ukofequestria.co.uk/threads/blind-bag-customs.319/page-10
PAGE-FLIP,https://ukofequestria.co.uk/threads/blind-bag-customs.319/page-26
PAGE-FLIP,https://ukofequestria.co.uk/threads/blind-bag-customs.319/page-25
PAGE-FLIP,https://ukofequestria.co.uk/threads/bitter-teas-plushies-accessories.2014/page-51
PAGE-FLIP,https://ukofequestria.co.uk/threads/bitter-teas-plushies-accessories.2014/page-50
PAGE-FLIP,https://ukofequestria.co.uk/threads/blind-bag-customs.319/page-9
PAGE-FLIP,https://ukofequestria.co.uk/forums/customs-and-plushies.27/page-2?direction=asc
PAGE-FLIP,https://ukofequestria.co.uk/threads/bitter-teas-plushies-accessories.2014/page-65
PAGE-FLIP,https://ukofequestria.co.uk/threads/chestnuts-custom-blind-bags-sculptures.1892/page-11
PAGE-FLIP,https://ukofequestria.co.uk/threads/chestnuts-custom-blind-bags-sculptures.1892/page-12
PAGE-FLIP,https://ukofequestria.co.uk/forums/customs-and-plushies.27/page-4?direction=asc
PAGE-FLIP,https://ukofequestria.co.uk/forums/customs-and-plushies.27/page-5?direction=asc
PAGE-FLIP,https://ukofequestria.co.uk/threads/bitter-teas-plushies-accessories.2014/page-66
PAGE-FLIP,https://ukofequestria.co.uk/forums/customs-and-plushies.27/page-3?direction=asc
PAGE-FLIP,https://ukofequestria.co.uk/forums/customs-and-plushies.27/page-7?direction=asc
PAGE-FLIP,https://ukofequestria.co.uk/forums/customs-and-plushies.27/page-14?direction=asc
PAGE-FLIP,https://ukofequestria.co.uk/forums/customs-and-plushies.27/page-11?direction=asc
PAGE-FLIP,https://ukofequestria.co.uk/forums/customs-and-plushies.27/page-8?direction=asc
PAGE-FLIP,https://ukofequestria.co.uk/forums/customs-and-plushies.27/page-13?direction=asc
PAGE-FLIP,https://ukofequestria.co.uk/threads/dapple-heart-plush.4753/page-3
PAGE-FLIP,https://ukofequestria.co.uk/forums/customs-and-plushies.27/page-12?direction=asc
PAGE-FLIP,https://ukofequestria.co.uk/forums/customs-and-plushies.27/page-15?direction=asc
PAGE-FLIP,https://ukofequestria.co.uk/threads/chestnuts-custom-blind-bags-sculptures.1892/page-33
PAGE-FLIP,https://ukofequestria.co.uk/threads/dapple-heart-plush.4753/page-2
PAGE-FLIP,https://ukofequestria.co.uk/threads/bitter-teas-plushies-accessories.2014/page-111
PAGE-FLIP,https://ukofequestria.co.uk/threads/bitter-teas-plushies-accessories.2014/page-48
PAGE-FLIP,https://ukofequestria.co.uk/threads/bitter-teas-plushies-accessories.2014/page-49
PAGE-FLIP,https://ukofequestria.co.uk/threads/blind-bag-customs.319/page-23
PAGE-FLIP,https://ukofequestria.co.uk/threads/chestnuts-custom-blind-bags-sculptures.1892/page-32
PAGE-FLIP,https://ukofequestria.co.uk/threads/blind-bag-customs.319/page-24
PAGE-FLIP,https://ukofequestria.co.uk/threads/chestnuts-custom-blind-bags-sculptures.1892/page-13
PAGE-FLIP,https://ukofequestria.co.uk/threads/blind-bag-customs.319/page-12
PAGE-FLIP,https://ukofequestria.co.uk/threads/bitter-teas-plushies-accessories.2014/page-67
PAGE-FLIP,https://ukofequestria.co.uk/threads/blind-bag-customs.319/page-11
PAGE-FLIP,https://ukofequestria.co.uk/threads/chestnuts-custom-blind-bags-sculptures.1892/page-14
PAGE-FLIP,https://ukofequestria.co.uk/threads/bitter-teas-plushies-accessories.2014/page-6
PAGE-FLIP,https://ukofequestria.co.uk/threads/bitter-teas-plushies-accessories.2014/page-5
PAGE-FLIP,https://ukofequestria.co.uk/threads/bitter-teas-plushies-accessories.2014/page-4
PAGE-FLIP,https://ukofequestria.co.uk/forums/customs-and-plushies.27/page-9?direction=asc
PAGE-FLIP,https://ukofequestria.co.uk/threads/bitter-teas-plushies-accessories.2014/page-68
PAGE-FLIP,https://ukofequestria.co.uk/threads/bitter-teas-plushies-accessories.2014/page-3
PAGE-FLIP,https://ukofequestria.co.uk/threads/bitter-teas-plushies-accessories.2014/page-2
PAGE-FLIP,https://ukofequestria.co.uk/threads/april-flashfic-competition-closes-april-30th.17577/page-2
PAGE-FLIP,https://ukofequestria.co.uk/forums/customs-and-plushies.27/page-16
PAGE-FLIP,https://ukofequestria.co.uk/forums/customs-and-plushies.27/page-6
PAGE-FLIP,https://ukofequestria.co.uk/forums/customs-and-plushies.27/page-10?direction=asc
PAGE-FLIP,https://ukofequestria.co.uk/threads/blind-bag-customs.319/page-21
PAGE-FLIP,https://ukofequestria.co.uk/threads/blind-bag-customs.319/page-22
PAGE-FLIP,https://ukofequestria.co.uk/threads/bitter-teas-plushies-accessories.2014/page-46
PAGE-FLIP,https://ukofequestria.co.uk/threads/bitter-teas-plushies-accessories.2014/page-47
PAGE-FLIP,https://ukofequestria.co.uk/threads/bitter-teas-plushies-accessories.2014/page-109
PAGE-FLIP,https://ukofequestria.co.uk/threads/bitter-teas-plushies-accessories.2014/page-108
PAGE-FLIP,https://ukofequestria.co.uk/threads/bitter-teas-plushies-accessories.2014/page-107
PAGE-FLIP,https://ukofequestria.co.uk/threads/chestnuts-custom-blind-bags-sculptures.1892/page-30
PAGE-FLIP,https://ukofequestria.co.uk/threads/bitter-teas-plushies-accessories.2014/page-7
PAGE-FLIP,https://ukofequestria.co.uk/threads/chestnuts-custom-blind-bags-sculptures.1892/page-16
PAGE-FLIP,https://ukofequestria.co.uk/threads/bitter-teas-plushies-accessories.2014/page-69
PAGE-FLIP,https://ukofequestria.co.uk/threads/blind-bag-customs.319/page-14
PAGE-FLIP,https://ukofequestria.co.uk/threads/blind-bag-customs.319/page-13
PAGE-FLIP,https://ukofequestria.co.uk/threads/bitter-teas-plushies-accessories.2014/page-106
PAGE-FLIP,https://ukofequestria.co.uk/threads/chestnuts-custom-blind-bags-sculptures.1892/page-15
PAGE-FLIP,https://ukofequestria.co.uk/threads/bitter-teas-plushies-accessories.2014/page-8
PAGE-FLIP,https://ukofequestria.co.uk/forums/customs-and-plushies.27/page-14
PAGE-FLIP,https://ukofequestria.co.uk/forums/customs-and-plushies.27/page-13
PAGE-FLIP,https://ukofequestria.co.uk/forums/customs-and-plushies.27/page-12
PAGE-FLIP,https://ukofequestria.co.uk/forums/customs-and-plushies.27/page-11
PAGE-FLIP,https://ukofequestria.co.uk/forums/customs-and-plushies.27/page-7
PAGE-FLIP,https://ukofequestria.co.uk/forums/customs-and-plushies.27/page-15
PAGE-FLIP,https://ukofequestria.co.uk/forums/customs-and-plushies.27/page-8
PAGE-FLIP,https://ukofequestria.co.uk/threads/bitter-teas-plushies-accessories.2014/page-70
PAGE-FLIP,https://ukofequestria.co.uk/threads/bitter-teas-plushies-accessories.2014/page-44
PAGE-FLIP,https://ukofequestria.co.uk/threads/bitter-teas-plushies-accessories.2014/page-45
PAGE-FLIP,https://ukofequestria.co.uk/threads/chestnuts-custom-blind-bags-sculptures.1892/page-31
PAGE-FLIP,https://ukofequestria.co.uk/threads/blind-bag-customs.319/page-19
PAGE-FLIP,https://ukofequestria.co.uk/threads/blind-bag-customs.319/page-20
PAGE-FLIP,https://ukofequestria.co.uk/threads/bitter-teas-plushies-accessories.2014/page-110
PAGE-FLIP,https://ukofequestria.co.uk/threads/chestnuts-custom-blind-bags-sculptures.1892/page-28
PAGE-FLIP,https://ukofequestria.co.uk/forums/customs-and-plushies.27/page-5
PAGE-FLIP,https://ukofequestria.co.uk/threads/blind-bag-customs.319/page-16
PAGE-FLIP,https://ukofequestria.co.uk/threads/blind-bag-customs.319/page-15
PAGE-FLIP,https://ukofequestria.co.uk/threads/chestnuts-custom-blind-bags-sculptures.1892/page-18
PAGE-FLIP,https://ukofequestria.co.uk/threads/chestnuts-custom-blind-bags-sculptures.1892/page-17
PAGE-FLIP,https://ukofequestria.co.uk/threads/bitter-teas-plushies-accessories.2014/page-9
PAGE-FLIP,https://ukofequestria.co.uk/threads/bitter-teas-plushies-accessories.2014/page-71
PAGE-FLIP,https://ukofequestria.co.uk/threads/bitter-teas-plushies-accessories.2014/page-104
PAGE-FLIP,https://ukofequestria.co.uk/threads/bitter-teas-plushies-accessories.2014/page-105
PAGE-FLIP,https://ukofequestria.co.uk/forums/customs-and-plushies.27/page-4
PAGE-FLIP,https://ukofequestria.co.uk/forums/customs-and-plushies.27/page-3
PAGE-FLIP,https://ukofequestria.co.uk/forums/customs-and-plushies.27/page-2
THREADS,https://ukofequestria.co.uk/threads/aces-art-thread.18433/
THREADS,https://ukofequestria.co.uk/threads/new-artist-here.18491/
PAGE-FLIP,https://ukofequestria.co.uk/threads/bitter-teas-plushies-accessories.2014/page-10
PAGE-FLIP,https://ukofequestria.co.uk/threads/chestnuts-custom-blind-bags-sculptures.1892/page-29
PAGE-FLIP,https://ukofequestria.co.uk/threads/chestnuts-custom-blind-bags-sculptures.1892/page-27
PAGE-FLIP,https://ukofequestria.co.uk/threads/bitter-teas-plushies-accessories.2014/page-43
PAGE-FLIP,https://ukofequestria.co.uk/threads/blind-bag-customs.319/page-17
PAGE-FLIP,https://ukofequestria.co.uk/threads/blind-bag-customs.319/page-18
PAGE-FLIP,https://ukofequestria.co.uk/threads/bitter-teas-plushies-accessories.2014/page-42
PAGE-FLIP,https://ukofequestria.co.uk/forums/customs-and-plushies.27/page-9
PAGE-FLIP,https://ukofequestria.co.uk/threads/bitter-teas-plushies-accessories.2014/page-72
PAGE-FLIP,https://ukofequestria.co.uk/threads/chestnuts-custom-blind-bags-sculptures.1892/page-26
THREADS,https://ukofequestria.co.uk/threads/i-am-open-for-commissions.18577/
THREADS,https://ukofequestria.co.uk/threads/bethiebos-commissions.18565/
PAGE-FLIP,https://ukofequestria.co.uk/threads/chestnuts-custom-blind-bags-sculptures.1892/page-19
PAGE-FLIP,https://ukofequestria.co.uk/forums/customs-and-plushies.27/page-10
THREADS,https://ukofequestria.co.uk/threads/lysanders-drawings.18350/
THREADS,https://ukofequestria.co.uk/threads/art-bits.1572/
PAGE-FLIP,https://ukofequestria.co.uk/threads/chestnuts-custom-blind-bags-sculptures.1892/page-20
THREADS,https://ukofequestria.co.uk/threads/something-for-me-and-my-gf.18809/
PAGE-FLIP,https://ukofequestria.co.uk/threads/bitter-teas-plushies-accessories.2014/page-12
PAGE-FLIP,https://ukofequestria.co.uk/threads/bitter-teas-plushies-accessories.2014/page-73
PAGE-FLIP,https://ukofequestria.co.uk/threads/bitter-teas-plushies-accessories.2014/page-11
PAGE-FLIP,https://ukofequestria.co.uk/threads/apogees-art.993/page-4
PAGE-FLIP,https://ukofequestria.co.uk/threads/bitter-teas-plushies-accessories.2014/page-102
PAGE-FLIP,https://ukofequestria.co.uk/threads/bitter-teas-plushies-accessories.2014/page-103
PAGE-FLIP,https://ukofequestria.co.uk/threads/apogees-art.993/page-3
PAGE-FLIP,https://ukofequestria.co.uk/threads/apogees-art.993/page-2
PAGE-FLIP,https://ukofequestria.co.uk/threads/bitter-teas-plushies-accessories.2014/page-41
PAGE-FLIP,https://ukofequestria.co.uk/threads/bitter-teas-plushies-accessories.2014/page-40
